{"cameraMode":{"drawMode":0,"name":"Shaded","section":"Shading Mode"},"sceneLighting":false,"audioPlay":false,"sceneViewState":{"showFog":true,"showMaterialUpdate":false,"showSkybox":true,"showFlares":true,"showImageEffects":true,"showParticleSystems":true},"in2DMode":false,"pivot":{"x":379.56951904296877,"y":337.24609375,"z":-73.99313354492188},"rotation":{"x":0.02462080307304859,"y":0.12215076386928559,"z":-0.003031034953892231,"w":0.992201566696167},"size":268.6005554199219,"orthographic":false}